StartDate,EndDate,ResetDate,PaymentDate
11/27/2025,5/31/2026,11/25/2025,5/31/2026
5/31/2026,11/29/2026,5/20/2026,11/29/2026
11/29/2026,5/27/2027,11/25/2026,5/27/2027
5/27/2027,11/28/2027,5/25/2027,11/28/2027
11/28/2027,5/28/2028,11/24/2027,5/28/2028
5/28/2028,11/27/2028,5/24/2028,11/27/2028
11/27/2028,5/27/2029,11/23/2028,5/27/2029
5/27/2029,11/27/2029,5/23/2029,11/27/2029
11/27/2029,5/27/2030,11/25/2029,5/27/2030
5/27/2030,11/27/2030,5/23/2030,11/27/2030
11/27/2030,5/27/2031,11/25/2030,5/27/2031
5/27/2031,11/27/2031,5/25/2031,11/27/2031
11/27/2031,5/27/2032,11/25/2031,5/27/2032
5/27/2032,11/28/2032,5/25/2032,11/28/2032
11/28/2032,5/29/2033,11/24/2032,5/29/2033
5/29/2033,11/27/2033,5/25/2033,11/27/2033
11/27/2033,5/28/2034,11/23/2033,5/28/2034
5/28/2034,11/27/2034,5/24/2034,11/27/2034
11/27/2034,5/27/2035,11/23/2034,5/27/2035
5/27/2035,11/27/2035,5/23/2035,11/27/2035
11/27/2035,5/27/2036,11/25/2035,5/27/2036
5/27/2036,11/27/2036,5/25/2036,11/27/2036
11/27/2036,5/27/2037,11/25/2036,5/27/2037
5/27/2037,11/29/2037,5/25/2037,11/29/2037
11/29/2037,5/27/2038,11/25/2037,5/27/2038
5/27/2038,11/28/2038,5/25/2038,11/28/2038
11/28/2038,5/29/2039,11/24/2038,5/29/2039
11/28/2038,5/29/2039,11/24/2038,5/29/2039